id,first_name,last_name,email,gender,ip_address
1,Joby,Lapsley,jlapsley0@wisc.edu,Bigender,187.53.51.73
2,Randene,Bindley,rbindley1@t.co,Female,208.250.69.37
3,Amandie,Lodeke,alodeke2@exblog.jp,Female,44.53.214.197
4,Christy,McAllister,cmcallister3@earthlink.net,Male,0.226.122.123
5,Frederigo,Athy,fathy4@gmpg.org,Male,61.75.59.28
6,Titos,Dougan,tdougan5@etsy.com,Male,83.182.220.166
7,Jakie,Joao,jjoao6@umn.edu,Male,144.10.217.27
8,Robinet,Care,rcare7@zdnet.com,Female,191.214.115.102
9,Levon,Gittings,lgittings8@behance.net,Male,76.141.97.151
10,Lishe,Petow,lpetow9@theguardian.com,Female,133.247.211.63
11,Mara,Tratton,mtrattona@typepad.com,Female,78.147.232.216
12,Talbot,Schenfisch,tschenfischb@nih.gov,Male,211.236.179.191
13,Tobias,McGeraghty,tmcgeraghtyc@techcrunch.com,Male,52.158.80.245
14,Davina,Colvine,dcolvined@wordpress.org,Female,215.9.198.243
15,Herb,Pirrone,hpirronee@hatena.ne.jp,Male,18.49.115.146
16,Nikoletta,Thistleton,nthistletonf@newsvine.com,Female,159.154.189.19
17,Gilbert,Boom,gboomg@booking.com,Male,203.113.229.44
18,Sherie,Kigelman,skigelmanh@netscape.com,Female,46.167.197.129
19,Ida,Cherry Holme,icherryholmei@java.com,Female,42.230.93.184
20,Tally,Hyman,thymanj@networkadvertising.org,Female,103.128.146.2
21,Verney,Dacke,vdackek@typepad.com,Male,203.51.65.234
22,Joete,McCleary,jmcclearyl@ocn.ne.jp,Female,95.7.173.153
23,Heddie,Durnford,hdurnfordm@discuz.net,Female,167.111.66.13
24,Horst,Piet,hpietn@baidu.com,Male,120.164.165.103
25,Caressa,Androli,candrolio@wisc.edu,Female,217.86.178.143
26,Rosabella,Gosneye,rgosneyep@freewebs.com,Genderfluid,244.234.48.33
27,Lowell,Yelyashev,lyelyashevq@bing.com,Male,200.24.120.112
28,Lissy,Darville,ldarviller@globo.com,Female,199.44.187.152
29,Skell,Kisbee,skisbees@cnbc.com,Male,70.129.101.94
30,Rory,Aldous,raldoust@comcast.net,Genderfluid,200.158.7.186
31,Gerhardine,Deme,gdemeu@google.com.br,Female,225.63.205.107
32,Mathe,Bernli,mbernliv@google.de,Male,236.191.108.65
33,Eilis,McCartan,emccartanw@comcast.net,Polygender,226.174.191.64
34,Winnie,Vasyukhin,wvasyukhinx@bloomberg.com,Female,183.42.185.255
35,Jacquenette,Braid,jbraidy@mayoclinic.com,Female,82.120.31.120
36,Pippo,Blomefield,pblomefieldz@apple.com,Male,97.245.106.253
37,Darcy,Baudou,dbaudou10@examiner.com,Male,202.168.245.249
38,Marcille,Tansey,mtansey11@google.com.br,Female,49.184.186.133
39,Nicolea,Wildbore,nwildbore12@chronoengine.com,Female,30.247.45.222
40,Natty,Willbourne,nwillbourne13@apple.com,Female,0.137.188.40
41,Hendrika,Keeble,hkeeble14@vk.com,Female,151.199.251.149
42,Berta,Cheale,bcheale15@sphinn.com,Female,208.124.68.188
43,Philippine,Rieme,prieme16@disqus.com,Female,95.26.198.37
44,Mareah,Botte,mbotte17@vkontakte.ru,Non-binary,166.117.234.203
45,Kris,Stileman,kstileman18@auda.org.au,Male,96.52.246.254
46,Eugene,Symes,esymes19@cmu.edu,Male,210.169.56.220
47,Durand,Thorsby,dthorsby1a@stumbleupon.com,Polygender,70.121.0.77
48,Gallagher,Jirus,gjirus1b@statcounter.com,Male,195.204.197.161
49,Rodge,Bourgourd,rbourgourd1c@webeden.co.uk,Male,73.85.185.11
50,Antoine,Heinschke,aheinschke1d@google.com.hk,Male,23.20.92.139
51,Troy,Riep,triep1e@networkadvertising.org,Male,77.241.138.94
52,Mari,Outram,moutram1f@yelp.com,Female,124.195.108.151
53,Kiri,Herity,kherity1g@sciencedirect.com,Female,254.55.173.46

